,Collection list
0,POKERLOOK ORIGIN AVATARS
1,IMAGINARY ONES
2,OWLS
3,UTOPIA AVATARS
4,SPOOKY BOYS COUNTRY CLUB
5,MEKA DRIVERS
6,HMN5
7,DIESEL X HAPE: ANTIDOTE TO THE S…
8,AIKO BEANZ
9,RUG RADIO FACES OF WEB3 BY CORY VAN L…
10,GEISHAS & GARDENS
11,JACKED DEGENERATES
12,KNIGHTS WHO SAY NAH - WARRIORS
13,THE BOBO COUNCIL
14,ALWAYS TIRED
15,HANGRY BARBOONS
16,CECI N'EST PAS UN BOTTO
17,HASBULLA
18,ANGRY APES SOCIETY
19,DEGENSKELLIES
20,BITGOATZ
21,MIGHTY HERCULES
22,NUTSDAO POKER PLAYERS
23,KOZMONAUTSLTA
24,WILDER BEASTS: WAPE
25,VANDALS UNION
26,DR/VRS
27,EXCEED ROOKIE CLASS
28,CRYPTO DOG SOCIETY
29,BUGATTI GROUP PHYGITAL GENESIS
30,KITARO WORLD SCENES
31,GEMESIS BY JOHNATHAN SCHULTZ
32,BETTER BUDDIES
33,RFOX VALT OG CITIXENS
34,LIKE A BRUSH BY JULIEN DURIX
35,ECOTARS 3D
36,MARTIAN TOWN
37,FABLE DRAGONS BY TYRANT
38,THE GREEDY MACHINES VOL. 2
39,THE GREEDY MACHINES
40,CW FEMALES
41,REVELLERS
42,DIGI MINERS
43,REDEFINEDBULLS
44,SUPERCUTE WORLD
45,CROSWAP QUARTERMASTERS
46,PLAXYPARTY
47,YUME BY DANIEL MAZZONE COLLECTI…
48,METAPLACES OFFICES
49,RUGBUGS.LOL
50,ZOMBUNNIES
51,GAKKO LABS
52,POLYGON'S FLAMING PHENIX CLUB
53,METAPLACES SMALL OFFICES
54,TURUSU FOREST
55,CANGSTER
56,MODEL EROS VILLAGE - HIME
57,MISSION NFT SERIES
58,ANGRY APES COUNTRY CLUB
59,TURTLE ISLAND
60,77-BIT
61,AGENTS OF ZAF
62,SENTINEL SQUADRON
63,LEGENDS OF ATLANTIS
64,LEGENDARY SAFUU CLUB
65,GRAY BOYS MUTANTS
66,LACOSTE UNDW3: THE EMERGE
67,DISSECTED FRENS
68,MAESTRO - GENESIS
69,CRONOS MUTANT APES
70,THE POTATOZ
71,CASTAWAYS - THE ISLANDS
72,DIGIDAIGAKU GENESIS
73,ANTHONY HOPKINS - THE ETERNAL
74,WHISBE VANDALZ
75,SEWAGE FRUITZ
76,IBUTSU
77,R PLANET - GENESIS
78,MITHICAL PFP
79,ETERNALS XYZ
80,ROTTEN EGGS
81,BORED CANDY
82,SPOOKY SZN
83,BABYKRAKENS
84,GHOST APE YACHT CLUB OG
85,LOST BEAR BY FLUFF
86,META BOUNTY HUNTRESS
87,BABY GATORS
88,OKAY HUMANS
89,PUFF GENESIS
90,NEKO NATION
91,KANPAI PANDAS INFINITY
92,BANANA TASK FORCE APE GENESIS
93,TAT-TWELVE ANONYMOUS TOURN…
94,ELEMENTO DRAGONS
95,BEVVIES
96,SPIRIT GATES
97,KABANA CLUB
98,MADHEROES
99,LUCID
100,KITARO WORLD
101,LEGENDARY DANCING SEAHORSE
102,THE LOCKEYS
103,TUTTI FRUTIZ
104,TURTLE UNITED GENESIS
105,CRONOSCRUISER
106,KART RACING LEAGUE RACERS
107,MAD MEERKAT BURROW POLY
108,RARE RATS
109,ANOMURA
110,KUMALEON
111,DOTTEDBUDDIESWRLD
112,SNEAKERBOX
113,SHELLZ ORB
114,ASTROBOT SOCIETY
115,AKYLLERS
116,CHRONOCATZCC
117,METASHOOTER
118,DOGE SKULLS
119,AWESOME POSSUMS
120,DARBOTZ (DW3)
121,LO: LEGENDARY OWLS
122,PRIVATE JET PYJAMA PARTY BABY OWLS
123,456 COLLECTORS CLUB
124,SHIBNOBI
125,MY LIL GNOMIE
126,DEGOVERSE WORLD CUP 2022
127,LIL MUTANT APE CLUB
128,COSA MONSTRA GENESIS
129,GRUMPLS
130,DOLLAR STORE KIDS
131,KAWAKAMI
132,BOREDHUMAN
133,RARITY LEAGUE - BENGALS
134,MASTER CATS
135,RARITY LEAGUE - RAMS
136,MINTERS WORLD
137,TODD JAMES ART PARTY
138,DEGODS
139,THEKODAZ
140,THE ARISTOCRATS SOCIETY
141,TYKES
142,PIXXTASY
143,ISEKAI META
144,SATOSHIVERSE - THE APEMO ARMY
145,KRYPTORIA - ALPHA CITIZENS
146,COMMONERS BY COMMONOPOLY
147,STEEZYAPEGANG
148,ONCHAIN BUCCANEERS
149,MIRA SOCIETY
150,SABERTOOTHED TIGERS CLUB
151,DOUR FITS
152,THE SEEKERS
153,VOLTED DRAGONS SAILORS CLUB
154,COMMAND Z
155,WATERBOMB LEAGUE
156,THE WARRIORS OF ANKH
157,ALIENANIMATEDPUNKZ
158,DELTANAUTS ALPHA GOLD
159,DELTANAUTS ALPHA SILVER
160,DELTANAUTS ALPHA BRONZE
161,SACRED TAILS
162,VVS MINER MOLES
163,WILDER MOTO GENESIS
164,TRIBE ODYSSEY
165,WGMIS
166,BALLOON TOWN
167,MOON LIZZYS
168,RARE APEPE YC
169,SURFN LEARN TO EARN
170,GOTCHA GATCHA
171,GENUINE UNDEAD
172,8LIENS
173,GROOVY DOODLES
174,BOSOTOKYO
175,ARGONAUTS
176,MOODIES BY HANUKA
177,FEVER DREAM FRIENDS
178,NICKELODEON: RUGRATS & HEY AR…
179,KRAPOPOLIS KRAP CHICKENS
180,PARTICIPANTS
181,DIGITAL DOGS BREEDING LABS
182,MARTIANS VS ROUGHNECKS WEAP…
183,UGLY DUCK WTF
184,UNAPOLOGETIC APES
185,COSMIC COFFEE CUPS
186,WOMEN APE YACHT CLUB
187,DUBAIPEEPS
188,TOMORROW'S WORLD
189,MODEL EROS VILLAGE
190,THE HIVE PALS
191,METABAY BY METAPLACES
192,THE SKULL SQUAD
193,FUNGA & FRIENDS
194,SI JUKI: LOST IN JUKIVERSE
195,WOLFBOSS
196,THENOVATAR
197,THE MARTIANS: METAVERSE
198,STICKMEN TOYS
199,THE CHOSEN OF CIVITAS
200,DEGENBRAINS
201,CARDANO ISLAND
202,CHILDREN OF UKIYO
203,3L3PHANTS
204,HYDRO WHALES MINING CLUB
205,DOWN BAD DOOMERS
206,FOOD FIGHTERS UNIVERSE
207,7LUX
208,THE ORSETTO GANG
209,FARM HORSES ZCORECLUB
210,YIELD BEARING SMOLTING
211,RAPPEARS
212,ANIM.JP
213,THUMBS SELF LOATHING GENESIS
214,COSMIC MARSHMALLOWS
215,FLICKYGANG BY FLICKPLAY
216,COSMIC CITIZENS
217,SPIRIT4
218,SOLKIDS
219,FERAL FISH
220,PAWN BOTS
221,EDO2022
222,MRI FIGHT CLUB
223,MOONBIRDS ODDITIES
224,MOJIS ART
225,THE PARADOX METAVERSE
226,CRYPTODICKBUTTS
227,POCHI INU
228,COOL GANG TOMMY
229,DOPE: DAWN OF THE PIXEL EMPIRE
230,PUPZLAND
231,METAGUARDIANS: SIDEKICKS
232,SMATH WORLD - PRD_X
233,NINA'S SUPER COOL WORLD
234,THE AMERICANS
235,TUBZSOCIALCLUB V2
236,GROOVY GUYS
237,SLOTH ROOB
238,HIPPYNOIDS PROJECT
239,KODACHROME V2
240,9TALES PHASE 1
241,CHIEF TOAD
242,BEARZ GENESIS
243,ELF WORLD
244,ROBOCOSMIC
245,WAZZZUP.WTF
246,THE SAUDIS
247,DAO HOUSE FRIENDS
248,KANPAI PANDAS
249,XOXO BY MAYA & YEHUDA DEVIR
250,GRIDCRAFT GENESIS IDENTITIES
251,DOWNSIES
252,TAMACORGI
253,METASHIMA - LIGHTNING
254,CHUBBY ANXIETY SOCIETY
255,LOS MUERTOS DIABLO
256,XBORG
257,THEPOSSESSED
258,CRYPTODUDES BROTHERHOOD
259,PROJECT INO
260,7SCLUB
261,H8RSCHIX
262,DUCKLING
263,THE PARROT BOSS
264,MONUMENTALS
265,CRYPTOQUEST
266,ALPHADOGS
267,THE VILLAINS
268,CHIBI LOLITA
269,BUNNYGIRLS
270,ARISTODOG
271,TASTIES
272,VERB
273,CRYPTOKHAT
274,DOGFACE ARMY
275,DAOSAUR GENESIS
276,SMULIPS
277,NOTORIOUS KINGS
278,LOONEY TUNES: WHAT'S UP BLOCK?
279,CLEMENTINE'S NIGHTMARE ECLIPSE
280,WZRDS
281,CITY OF BLOCK
282,A:\AIKO VIRTUAL
283,POKERFISH
284,SINGULARITY 0 UNIVERSE HUMAN
285,META MOOSE CLUB
286,SQUADTS
287,PSYCHROME RUG RUNNER
288,THE PIXELS INC
289,SWANKY SPACE SQUAD
290,POOR DUDES
291,HIJABI QUEENS
292,MONEYMONSTERSCLUB
293,MUTANT WOLF PACK
294,SHIBA ARMY
295,CULTURE CUBS
296,MOONPEPES
297,CYBER BANDITS
298,CASTLE OF BLACKWATER: GENESIS
299,ALPHA GANG GENERATIVE
300,SWAMPVERSE: CREATURES
301,GLITCHIES
302,MOONRUNNERS
303,OBLIVIOUS OSTRICHES
304,MONEYSHARK
305,CRYPTO BULLS
306,LIONS NOT SHEEP
307,KUMITE GENESIS
308,PROUD LIONS CLUB
309,THE HAUGHTY MUMMIES
310,ASM AIFA ALL-STARS
311,HERO GALAXY: ANTI-HEROES
312,EXO
313,LONELYPOP
314,M3TA MOGULS: GENESIS
315,STARFIGHTER CLUB
316,META LABS SECRET AGENTS
317,BANANA TASK FORCE APE
318,VOYAGERS
319,METASAMURAI
320,NON FRENLY TROLLS
321,PILLHEADS
322,LITTLE CATS
323,MAFIABEARS
324,IMMORTAL CAT
325,PRIMATES
326,H8RS
327,T-POSER
328,CHROMA WORLD ABSTRACTARS
329,HANGRY HIPPO
330,SNEAKER HEADS
331,THE HIGH SOCIETY
332,WELLY
333,DANKBOTS
334,META FROG CLUB
335,MEE6 AVATARS
336,LAZY 8 YACHT CLUB
337,THE LITTLE LIARS GENESIS
338,WZKD
339,HOUSE OFBELIEVERS
340,WITLINK LAND
341,SQUIRRELLY SQUIRRELS
342,ANTVASION
343,ILLUMINATINFT
344,DIPPIES VANS
345,FIERCE MODELS
346,MOONLANDERZ
347,SNW CARDBORG
348,ANIME METAVERSE: SOULMATES
349,FEARCITY
350,OKAMI
351,GOBLINCATZ
352,ZOMBIE BANANA BUNCH
353,BREADAVERSE
354,FAT CATS GENESIS
355,META LABS FIELD AGENTS
356,STONED DUCK LIFESTYLE CLUB
357,JUST APE.
358,FLAMING PHENIX CLUB
359,DOBIES COLLECTION
360,BASED GHOULS
361,GODLY LEGION
362,THE EMPTYHEADS SOCIETY GENESIS
363,PRIME APE PLANET
364,METAWOLVES
365,SHITBEAST
366,PABLOS.LOL
367,GNOMEVILLE
368,TIPSYVERSE: GENESIS PENGUINS
369,FLOWER LOLITA
370,BULLS & APES PROJECT - GENESIS
371,REKTFOLIOS
372,THE MATRIX AVATARS
373,SOLANA ROOM
374,TROLL-TOWN.WTF
375,BRAQFRNDS
376,LAZY LONGHORNS
377,FREE HAND
378,FRENCHIE BALLERS
379,BINKIES
380,C-02
381,VIVIDLIMITED
382,RARE LAND
383,CHIPOS
384,PSYCHONAUTZ
385,MEKAI
386,WE ARE ALL GOING TO DIE
387,CHEEBS
388,THE NEKO
389,SLYLY FOXES
390,AKUMU DRAGONZ
391,NEOPETS METAVERSE
392,TABOOPUNKS
393,DORKS
394,TIGERBOB GENESIS
395,YAMATO
396,400DRUMS
397,BALI BEACH BOYZ
398,CRYPTOHIPPOS
399,"DAMIEN HIRST, THE CURRENCY"
400,WAVELENGTH BY KALEB JOHNSTON
401,NUCLEAR NERDS OF THE ACCIDENTAL A…
402,CREEPS GENESIS
403,COOL PETS NFT
404,WASSIES BY WASSIES
405,LETTERS BY VINNIE HAGER
406,BOSS BEAUTIES
407,TIME PIECES BUILD A BETTER FUTURE: GE…
408,CRYPTO COVEN
409,TRIPPIN APE TRIBE
410,PXN: GHOST DIVISION
411,THICC FRENS GENESIS
412,PHOTOSYNTHESIS
413,ANGELBLOCK
414,EYE-EYE-EYE
415,DRAGON MOLLY
416,POKER HEROES
417,11 CAPTAIN'S CLUB
418,TALES FROM THE WILD - FIRST EGG
419,THIRD EYE CLUB
420,FALLOUT FREAKS
421,CREATURE CULTURE COLLECTION
422,JIKAN STUDIOS
423,REKTGUY
424,ELFTOWN.WTF
425,ADORABLE AVOCADOS
426,POKEY UNIVERSE
427,WORLD OF IRUKANDJI
428,BOKI
429,SHIBABETS GENESIS
430,DIVINE ANARCHY - SPIRIT ANIMALS
431,RAT GANG GENESIS
432,NO HESI CAR CLUB
433,ALFIE WORLD BY ALFIE
434,THE UNCANNY COUNTRY CLUB
435,NEO SAMURAI MONKEYS
436,GENE_SIS: THE GIRLS OF ARMAMENT
437,AIMOONBIRDS
438,TIGER LAND ZODIACS
439,POPEYE METAVERSE MADNESS
440,PSILO
441,HEDGIES
442,T-REX SAPIENS ORDER
443,HODLER CHADS
444,MAD CROW
445,CURIOSITIES
446,MILADY MAKER
447,WHOOPSIES DOOPSIES
448,JAPANESE BORN APE SOCIETY
449,MONKEYPOX
450,ELYSIUM METAGODS
451,RICH FOX CLUB OG
452,HELL OF A PARTY
453,GOBLINTOWN.WTF
454,VARBARIAN COLLECTION
455,KARMA CATS
456,ZOOFRENZ APEFRENZ 2.0
457,PLUR
458,BUAKAW1
459,MINDBLOWON UNIVERSE
460,CHIMPERS
461,POETRY IN WOMEN
462,MAD MEERKAT DEGEN
463,NFT WORLDS GENESIS AVATARS
464,WASTED WHALES: THE HANGOVER
465,ALPHA TRADERS COUNTRY CLUB
466,META MAID GENESIS
467,LOS MUERTOS WORLD
468,AGE OF SAM
469,BLITZED BUCKS HUNTING CLUB
470,REGULARS
471,BBRC - IVY BOYS
472,JUSTCUBESNFT
473,BLVCK GENESIS
474,ICONIC MISS CRYPTO CLINIC
475,PEPEVERSE
476,THE HUMANIANS
477,CPG POP
478,THE RANDOMS
479,SHINSEKAICORP
480,SECRET SESH
481,TIME OUT BY ACIDE
482,META APE MILITIA
483,HIGH SLOTH SOCIETY
484,SUGAR SKULLZ
485,LOST EDEN ORIGINS
486,GRUMPYPANDAZ
487,PHARAGODS
488,BRAVA
489,MONKEY LEGENDS
490,EIGHTBIT
491,ROYAL PANTHER EMPIRE
492,VOLTZ AVATARS
493,FERNDADDY
494,IMAGINARY ONES
495,ALIMATOK
496,DROID INVADERS
497,APE INVADERS GENESIS
498,YOOMOOTA UNIVERSE
499,CHAIN RUNNERS
500,AKUTARS
501,OKAY BEARS
502,LIL BABY APE CLUB
503,L.O COMMUNITY
504,KUMAVERSE GENESIS
505,ODDSTRONAUTS
506,BEANS PETS GEN 1
507,THE SPACE RESISTANCE
508,TRIPSTERS
509,BEANZ
510,COOL PIGZ
511,SILKS GENESIS AVATAR
512,VEEFRIENDS SERIES 2
513,APIENS
514,BIRDEZ KINGDOM
515,THE LIL FRENS
516,MOLLY SECRET COLLECTION
517,THE RED PILL LIONS
518,MURAKAMI.FLOWERS
519,CRYPTOSPACEPUNKS
520,UMIVERSE
521,MONSTER SUIT
522,KITBASH BOOGERS
523,TOY BOOGERS
524,CRECODILES
525,TRONS X
526,UGLY PEOPLE
527,GAWDS
528,EASY DEMONS CLUB
529,ONEONES
530,THE SQUISHIVERSE
531,CATS AND WATCHES SOCIETY
532,ETHX AI
533,TINYFACES
534,CHIGUIRELAND
535,OTHERDEED FOR OTHERSIDE
536,TOMODACHI FRIENDS
537,9TALES GENESIS
538,GORILLA MAFIA
539,BABY DOGE ARMY
540,TINY COLONY CHARACTERS
541,X-MOOSE
542,E-SHELL
543,THE HUMANOIDS
544,META PANTHER CLUB
545,KOMOREBI NO SEKAI
546,SMOL BOYZ
547,YOU BY BFF
548,PRIME MATES BOARD CLUB
549,THE LFC HEROES CLUB
550,WIRED BEAST
551,TOUGH LIONS
552,THE ASSEMBLY VOL. 3: THE MAYANS
553,PRAISE PALS
554,TOONS
555,TRAPMONKIE
556,CYBERRONIN HARUKA
557,BORED BONES GENESIS
558,MUNCHIESNFT
559,THE LOOMI HEADS
560,APES TOGETHER STRONG
561,KEVIN THE MONKEY
562,WHISKERS
563,MANGA SOCIETY
564,THE WEIRDOS: BATTLE ROYALE
565,WILDER BEASTS: WOLF
566,NYOKIES
567,88 DYNASTY
568,AVIUS ANIMAE
569,M.U.G.S
570,CHIPPYS WORLD
571,THE SEVENS EVE
572,DENNIS RODMAN'S BARBERSHOP
573,TRIPPY FRENS
574,ZOMBIE APES
575,FILTHY RICH CRYPTO KIDS
576,PARTICLON
577,SPACE BOO
578,SINGULARITY 0 UNIVERSE ANTHRO
579,WOBBLES
580,GUNSLINGERS
581,PLANETARY PROPERTY ASSOCIATION: DEALE…
582,BAO SOCIETY
583,METAPLACES
584,PULI RUNNERS
585,WACKIES
586,DOJO FISH
587,G.I. TOADZ
588,NO NO'S
589,JUICY FRUITS
590,DIAMOND HEIST
591,BUSHIDO SOCIETY
592,METAPIGGYBANKS
593,IBIS CHESS CLUB
594,BZUKI
595,TOXIC SKULLS CLUB
596,MOONBIRDS
597,UNEMPLOYABLES
598,APETOTHEMOON
599,MUTANT ALIEN APE
600,ZOMBIE NFT
601,KPOP CTZEN
602,SHINSEI GALVERSE
603,META HOOLIGANS
604,TOONSQUAD
605,UNUSUAL GUESTS
606,PERMIES
607,THE LOBSTARS
608,MUTANT SHIBA CLUB
609,METAKAGES
610,KATANA INU TAKERU
611,PRIVATE JET PYJAMA PARTY FIRST LADIES
612,NINJA FANTASY TRADER
613,BULLSONTHEBLOCK EVO
614,MEGAKONGS
615,HAKI
616,MORE THAN GAMERS
617,PIELAND
618,MINENATIONS: CHAMPIONS
619,THE JUNGLE TRIBE GENESIS
620,SNUGGLE BUDDIES GENESIS
621,ALPHASKULLZ GENESIS FORCE
622,FOREST SPIRITS
623,ILLOGICS
624,CLUB DE BEAUTE
625,CRYPTOBURBS II
626,TWISTED BEARS
627,KREEPY CLUB
628,GUMMIES GANG
629,KUREIJI
630,BAD CUBS
631,IMPOSTORS GENESIS ALIENS
632,OOZOIDS
633,DROPLETS
634,KRAKEN SECRET SOCIETY
635,BIONIC APES
636,MOLLY
637,OKOKU
638,ZOMBYWORLD
639,MONEY MINDED APES
640,ZENCATS GROUND-ZERO
641,SPRITE CLUB
642,TORQUE SQUAD
643,ANIMALIA TITANS
644,CHUM CHUMS
645,CHFTY PIZZAS
646,FVCK_AVATAR//
647,PRIVATE JET PYJAMA PARTY
648,JIDORI
649,FLUNKS
650,THE SPACE WARRIORS CLUB
651,DOGS OF ELON
652,YELLOWNAUTS
653,LOSER CLUB
654,THE MOTTY
655,THE PSYCHONAUT APE DIVISION
656,GOLD YOSEO PAWN SHOP
657,ROBOROVSKI
658,QUIRKIES
659,RENDERPUNKS
660,APE SOCIETY
661,PIRATES OF THE METAVERSE
662,SOULBOND - REN EMPIRE
663,LOOT (FOR ADVENTURERS)
664,TREES WITH FACES
665,ZOMBIECLUB TOKEN
666,MAD MOUSE CIRCUS TROUPE
667,MAD MOUSE CIRCUS GENESIS
668,TENNIS CHAMPS GENESIS
669,ADRUNNER
670,LOOK LABS 420 BUDS
671,BUETHEWARRIOR
672,DREADFULZ
673,SQUARE BEARS
674,EPICBEAST
675,ABNORMAL JEAN
676,TRIBE QUOKKA GENESIS
677,GUTTER CLONES
678,NEO TOKYO PUNKS
679,KAIJUFRENZ: GENESIS
680,GATOR GANG
681,VOXEL CHIMPS CLUB
682,WORLD OF WOMEN GALAXY
683,STONED PIXEL HUMAN V2
684,KIWAMI
685,DRUG RECEIPTS
686,TROVERSE PLANETS
687,ZINU'S ZOMBIE MOB SECRET SOCIETY
688,STONED PUPPIES
689,GOOEYS
690,META MANSIONS
691,FISHMAN'S LABORATORY
692,THE BATTLE BUNNIES - GENESIS 300
693,METAKONGZ
694,PEACEFALL
695,CALIPLUG
696,LAID BACK LLAMAS
697,CRYPTID CLAN: SASQUATCH
698,CRONOS GORILLA BUSINESS
699,JPUNKS: OG-REX
700,SILLY SUSHI
701,WAGMI WORLD
702,DANK DUCKS
703,ETHTERRESTRIALS
704,GAMING APE CLUB
705,CHUMMY FIN CLUB
706,META TRIADS
707,BAD ALIEN SOCIAL CLUB
708,STREETHERS
709,MURDER HEAD DEATH CLUB
710,EXPAT 8-BIT SUPPORT
711,LUCKY DUCKY
712,MUTANT PASTEL CLUB
713,CYBERBOYZ 3000
714,TINY COLONY PETS
715,WANDERNAUTS
716,CAPYBARAS COUNTRY CLUB
717,THE MEKABOTS
718,GRAFFITI BEAR COLLECTIVE
719,TRIPPY TOADZ
720,JUNGLE FREAKS MOTOR CLUB
721,DRIFTERS [INNOVATOR]
722,FRESH FOOLS
723,THE FINGER
724,PHANTOMS
725,SMALL BROS
726,VOX COODLES
727,AVERAGE CREATURES
728,KUSHO WORLD
729,VILLAGERS OF XOLO
730,VALIANT UNIVERSE PUNK MAMBO
731,SKULLTOONS
732,DAPE: GENESIS
733,RARE BEARS
734,FROGGY FRIENDS
735,KAIJUKONGZ
736,CYBERBROKERS
737,SKELET GUYS
738,SNEAKERPUNKZV2
739,SPACE RIDERS
740,THE RAMEN SHOP: GENESIS
741,WEATHER REPORT
742,VOYAGERS: UNKNOWN GENESIS
743,MARTIAN PREMIER LEAGUE
744,THE METATRIBES : GENESIS
745,HAPPY HOMIES
746,AIKO SHADES
747,MURI BY HAUS
748,ALLEY KATZ
749,SLIMHOODS
750,THE LITTLES
751,PARTY HORSES
752,LEGENDARY LIONS
753,BRIAN NFTS BY BRAINDOM
754,MARTIANS VS ROUGHNECKS
755,META PENGUIN ISLAND
756,THE WALKING DEAD
757,GOOPDOODS BY GOOPDUDE
758,LUNAR TIGERS
759,UNIKONG
760,META ANGELS
761,MECHAPENGUINS
762,BROSKEES
763,METABOT SOCIETY
764,IDOLS
765,CRYPTODUCKS GENESIS
766,BAE APES
767,COSMIC BABIES
768,COSMIC FUSIONS
769,SUPER FAT ACADEMY
770,CRYPTOSHACK CLUB
771,BITBONES NEMESIS
772,EVERYDAY GODDESSES
773,MOONDUSA
774,BALLOONZ
775,COSMIQS
776,META ADVENTURE
777,CLAY FRIENDS
778,GENESIS KOMOS BY ETHLAS
779,CRYPTOYACHTS
780,HEATHENS GENESIS
781,FOUNDER BRICKS
782,PIXELSAURUS TRI
783,BBZ ORIGIN
784,"I LIKE YOU, YOU'RE WEIRD"
785,STORY OF KARUTI
786,WASTED WHALES: BLACKOUT
787,SUPER ORDINARY VILLAINS
788,THE TOKS
789,MEETBOB
790,MM TREEHOUSE
791,HAPPY ASTRONAUTS
792,ETHEREAL ART
793,CRYPTOCOSSACKS
794,THE HOLY PETS
795,MOON APE LAB GENESIS
796,METAGREYS V-2
797,RUGGIES
798,KNIGHTS OF CHAIN
799,GNOMIES
800,COZY BEARS
801,BRAINY APES
802,SAKURA PROJECT
803,WABI SABI COLLECTIVE
804,ZOOVERSE GENESIS
805,CHAIN SCOUTS GENESIS
806,RUDE KIDZ
807,SOULZ MONOGATARI
808,CRYPTO COUNTRY CLUB
809,CHICKEN DAO GAME
810,ANIME GANG: GENESIS
811,PRIME APE ATHLETES GENESIS
812,MONOLOCCO
813,NOTORIOUS ALIEN SPACE AGENTS
814,LOST LEGENDS VOL. 1
815,DOUR DARCELS
816,WILD GOAT GANG
817,FELINE FIENDZ
818,SENIOR APE GOLF CLUB
819,META MOGULS GENESIS
820,EMOTES BY HEART YOU
821,90S BABES
822,DEGEN TOONZ
823,MEDICATED MICE
824,MONSTER FRENS
825,HYPERSLOTHS
826,RUBBER DUCK BATH PARTY
827,DIPPIES
828,PHANTABEAR
829,MADWORLD X B.DUCK
830,LOUZ CITY : GENESIS
831,THE CRYPTOBEAR WATCH CLUB
832,GIVING BULLS - SEASON 2
833,CARTOONSNFT
834,SOLTIRES
835,HONEY BRASCO'S SPACE PIRATES
836,SATOSHI RUNNERS
837,TORIX GENESIS
838,KEVINPUNKS
839,WONDERPALS
840,CRYPTOQUEENZ
841,NEVER FEAR TRUTH
842,ROBOFRENS
843,DELINQUENTZ
844,CLEMENTINE'S NIGHTMARE
845,COSMOS KIDZ
846,SUPERLATIVE MUTATED APES
847,COMMSAUR
848,ANGELSDEVILSNFT
849,MULTIVERSE ALIEN
850,RABID DOGHOUSE RABID RETRIEVERS
851,SAD BOTS GENESIS
852,CRYPTO TECH WOMEN
853,THE SUNNIES
854,PLAYSK8
855,COSMODINOS OMEGA
856,SPACE DOODLES
857,TURTLE TOWN
858,WALKING DOODS GENESIS
859,DOTDOTDOT
860,SNEAKY VAMPIRESS SYNDICATE
861,ETHERETRO WATCH
862,PERSONA LAMPS
863,BALLMAN PROJECT
864,THE ASSEMBLY VOL. 2: THE VIKINGS
865,INVISIBLE FRIENDS
866,SUPREME KONG
867,META SKELETONS
868,CELESTIAL KEYS
869,CRYPTO HOLDEM
870,PATHFINDERS
871,DENTED FEELS
872,METAEGGS CITY
873,DERPYAPEMFERS
874,SHADOW QUEST
875,STARCATCHERS
876,BORED DEALERS
877,SQUIGGLES
878,TALES OF TSUKI GENESIS
879,LLAMAVERSE GENESIS
880,3LANDERS
881,PALADIN PENGUIN GENESIS
882,ALPACADABRAZ 3D
883,JON'S PIZZA SHOP
884,CALCIUM4BONES
885,THE BONEY BATZ
886,SUPER APES CLUB: GENESIS
887,CYBERFROGZ
888,CRYPTO BEARS
889,MOONING MONKEY
890,GENESIS PENGUINS
891,BEACH BUMS
892,EXOTIC APES
893,ACROCALYPSE
894,BEANBAG FRENS
895,VENTUREVX
896,CATBLOX GENESIS
897,VR FUTURE GENESIS
898,GENESIS BLOODSHED BEARS
899,PUNK X
900,PUL3E
901,HERO GALAXY: HEROES
902,CEREAL CLUB
903,ALPHA ELEMENTARY
904,POP ART CATS
905,FANCYBIRDS
906,LAZY KITTIES
907,CULT&RAIN
908,MECHA MELTERS
909,WOMEN TRIBE
910,FURY OF THE FUR
911,CHILL RX
912,SHADES OF YOU
913,INFINITE REALM
914,TRAVEL TIGER CLUB
915,RIOT GIRLS
916,GNOMENCLATURE
917,CHEEKY CHIMPS CLUB
918,MAUER SECTION 3
919,META BOUNTY HUNTERS
920,PRESIDENTIAL APES
921,THE OTHER SIDE
922,META HOUSE MAFIA
923,APES R US
924,COSMIC CATS
925,FRENLY FLYZ
926,BOOMBAZ
927,THE CYBERNITES
928,METAVERSITY
929,MFERS
930,ARAB META SOCIAL CLUB
931,TCG DRAGON CAVE CLUB
932,EPOHEROES
933,FCF: BALLERZ COLLECTIVE - GANG
934,ZIPCY'S SUPERNORMAL
935,WOMEN OF CRYPTO
936,GATOR RAID
937,ZOMBIE SOCIAL CLUB
938,TASTY BONES
939,GENESIS FAT ACADEMY
940,WISE CATS
941,DRIFTERS [VOYAGER]
942,JUNGLEBAY APE CLUB
943,META COLONIALISTS CLUB
944,SGB WHALES
945,GOONIEZ GANG
946,GHIDORAH GODZ
947,UNBANKED BANKERS
948,SUPER BAD BABIES
949,BOARD APE COLLECTIVE
950,HOWDY GAMES
951,NON-FUNGIBLE PEOPLE
952,TIME TRAVEL TOTS
953,SPACE GAME - MARINES & ALIENS
954,MYSTERIOUS VEGAN
955,CRYPTOAD PUNKS
956,LUCKY LION CLUB
957,DEAD HANDZ TARTARUS
958,SUPER RARE BEARS
959,KARAFURU
960,FUTURE TURTLES - GENESIS
961,BABYELONWORLD
962,ALPHA KONGS CLUB
963,CYBERGOATS
964,SYNTHHEADS
965,CNK WORLD BY COOKIES N KICKS
966,HAPE: EXODUS
967,CASH CRABS
968,SIGNATURE SNEAKERS GENERATIVE
969,BIG CATS
970,FCF: BALLERZ COLLECTIVE - APES
971,FCF: BALLERZ COLLECTIVE - 8OKI
972,FCF: BALLERZ COLLECTIVE - KNIGHTS
973,ANGRY PENGUINS GROTTO GANG
974,CRYPTO TRIBE
975,WICKED PENGUINS
976,PERILOUS PETZ
977,FADE AWAY BUNNY
978,EVOLUTION APES
979,HYPEBEARS
980,THE META STARS
981,COZY PENGUINS
982,SPACE PALS GENESIS
983,REINCARNATED AS AN NFT
984,SPACE X APES
985,BEANS - DUMB WAYS TO DIE
986,PLANETARY PROPERTY ASSOCIATION
987,TRONWARS
988,COPANIONS
989,THE LIGHTBULBMAN - BJARNE MELGAARD
990,SPY PIDGIES YOB SQUAB
991,BABY SHIBA SOCIAL CLUB
992,WHALETOGETHER
993,BAD BEARS GENESIS
994,ANCIENT WARRIORS
995,MITHICAL
996,NODE BEARS
997,TRILLIONAIRE THUGS
998,BLOTTER PARTY
999,AWESOME APES
1000,AZUKI
1001,BATTLE APE GAME
1002,WICKED HOUNDS
1003,ROYAL RABBITS CLUB
1004,DERPY APES
1005,RUE ARCANA
1006,THE WANDERINGS
1007,TIMELESS APE CLUB
1008,META ISLAND
1009,CARTOON CARTEL
1010,BOT HUNTERS
1011,CRYPTOPIA METAVERSE
1012,LITTLE FRENS
1013,METASPHERE
1014,LIGHTBODY BY ALEX GREY
1015,MYMOONBOOTS MB1 GENESIS
1016,CRYPTOBURBS
1017,MONSTERCHOMPERS
1018,PILLNFT
1019,HAPE PRIME
1020,CREATURE WORLD
1021,TOKYO PUNKS BY SABET
1022,ALIEN APE
1023,THE BEEINGS
1024,PLANET PASS BY WANDERERS
1025,MYUTARANGERS
1026,EYES OF FASHION
1027,GALACTIC FIGHT LEAGUE
1028,DEAR DEER
1029,MAIARPUNKS
1030,METAWHIPS
1031,MEKAFORMERS LEGACY
1032,BONNY DOLLS
1033,C86 CYBORG
1034,CRYPTO POLY WEALTH CLUB
1035,META JOSEON
1036,THEWHITELIST.IO
1037,MADTROOPER
1038,MOSHI MOCHI
1039,VOICEVERSE - ORIGINS
1040,KITTY CRYPTO GANG
1041,CRYPTOTITVAGS
1042,ROBOTS UNION
1043,STONER APE CLUB
1044,ZOMBIEFRENS
1045,MEKAS OF KRUPT - GENESIS
1046,VECH
1047,TEDDY BEAR SQUAD
1048,LADY APES OF SPACE
1049,BORED BAD BUNNY
1050,HUNTER GAME
1051,FROGGOS
1052,KITCHEN CREATURES
1053,BITGOONS
1054,CRYPTOMORIES
1055,ROYAL RABBITS
1056,METACLUBBERS
1057,PIXELTIGERS
1058,COUNCIL OF KINGZ
1059,TENTACLEKNOCKOUT
1060,SKELECATS
1061,PHAT PANDAZ
1062,CRYPTOBOTS
1063,WEALTHY APE SOCIAL CLUB
1064,CHILL PRINCESSES
1065,LUNAROID
1066,90S APE CLUB
1067,TACO GATOS
1068,STELLAR SENSES
1069,JORDI MOLLA - MASKS
1070,ALIEN FRENS
1071,CANDYVERSE CRITTERS
1072,COSMIC MUTANTS
1073,C-01
1074,ALPHA SHARK
1075,LITTLE LEMON FRIENDS
1076,EYESTAR
1077,WALL ST BULLS INTERNS
1078,DOJO WARRIORS
1079,XENOINFINITY
1080,HEADDAO
1081,HEADGAME
1082,PARTY BEARS
1083,CRYPTOBATZ BY OZZY OSBOURNE
1084,WVRPS BY WARPSOUND
1085,WHITE RABBIT - ONE
1086,IMPS BY SUPERNFTY
1087,SECRET SOCIETY OF ODD FELLOWS
1088,OPEN HEAD NFT
1089,BAZOOKA CHICKS
1090,SONGBIRD PUNKS
1091,ODDIES CLUB: GENESIS
1092,DEGENZ DEN
1093,THE NUDIE COMMUNITY
1094,MECHA MINI
1095,NEONPUNK
1096,KAIJU KINGZ
1097,ETHERMINATORS
1098,CRYPTOSKULLS
1099,RADIOACTIVE APES
1100,REACTOR MOTORS
1101,BADASS APE CLUB
1102,ALPHA GORILLAS
1103,WINE BUDDIES
1104,UNDEAD PASTEL CLUB
1105,CAKED APES
1106,FEEL GANG
1107,PEACEFUL TOADZ
1108,BORA BORA KOALA
1109,PIT BOSS BILLIONAIRES
1110,BULLDROIDS
1111,KEEP WATCH CREW
1112,METARIM
1113,METAFROG BUSINESS CLUB
1114,WICKED MONSTERS
1115,SUSSY SHARKS
1116,FAT APE BABIES CLUB
1117,THE SECRET SOCIETY XX
1118,NECKVILLE
1119,SHREDDED APES GYM CLUB
1120,ONI SQUAD
1121,THE SPARKLES GENESIS
1122,BATTLE ZOMBIES
1123,SUPER BAD GENESIS SEEDS
1124,BITBOT SOCIETY
1125,THE LAST SUPPER
1126,CRANKY CRITTERS
1127,9CAT
1128,FANCYBEARS METAVERSE
1129,THE SEVENS COMPANIONS
1130,FART JAR
1131,GNOGONS
1132,BOARD 2 DEATH CLUB
1133,OK.LETS.APE.
1134,ALIEN UNIVERSE
1135,PIGGIES ON THE FARM
1136,THE TRAILERS
1137,MAUER SECTION 2
1138,PUNKED DOODS
1139,EXPANDABLES
1140,WUNKS
1141,BORED BUNNY
1142,THE MOOSE SOCIETY
1143,SPRITELY GENESIS
1144,ROWDY ROOS
1145,HOLY VILLAINS
1146,GREMLINS
1147,ASTRA CHIPMUNKS ARMY
1148,GENESIS NUGGS
1149,THE SHARK MOB
1150,NEON PANTHEON GENESIS
1151,DEGENERATE GRANNY
1152,THE ASSEMBLY VOL. 1: THE ROMANS
1153,COODLES
1154,DNA CULTURA NFTS
1155,EXECUTIVE HUSKY
1156,RUFFLIFE RESCUES
1157,BEN MEZRICH PROJECT
1158,O-TOWN - LA COSA OSTRA
1159,BOXING BOYZ
1160,CRO CROW
1161,SHIBAKU
1162,BORYOKU DRAGONZ
1163,CRYPTO CROC CLUB
1164,APEDADS
1165,SPACE RUNNERS
1166,SOLSQUATCH
1167,MIMON
1168,GHOULIES NFT
1169,SPACE YETIS
1170,KINDERGARTEN BABYAPES
1171,SAND VEGAS CASINO CLUB
1172,DI ANIMALS
1173,CRYPTO CHIMPZ
1174,THE SOLAVERSE: SOLA-STARS
1175,CHARGED PUNKS
1176,SUBURBANCOLORS
1177,ADAM BOMB SQUAD
1178,HASBULLANFT
1179,BASEDHEADS
1180,ZOOFRENZ BY ZOMBOT STUDIO
1181,THE FLOWER GIRLS
1182,FLUFFERS BY FLUFFYTOPIA
1183,MISTLETOADZ BY GREMPLIN
1184,METAKREW
1185,YUGIYN
1186,CREATERA GENESIS LAND
1187,PORSCHΞ 911
1188,HUXLEY COMICS
1189,WORLDWIDE WEBB LAND
1190,CRYPTOPUNKS V1 (WRAPPED)
1191,CRYPTOBIRBS BY VODNIK
1192,WHITE HEARTS 1.0
1193,STATE OF THE ART BY THANKYOUX
1194,"""SHIELD:AGE"" BY COTOH TSUMI"
1195,DOOPLICATOR
1196,WOLF GAME - FARMER
1197,CEL MATES CRIME REPORTS
1198,HASHFLOW
1199,GOD HATES NFTEES
1200,SEWER PASS
1201,SCOTTIE PIPPEN SP33
1202,KPR
1203,THE LEGEND OF CØCKPUNCH™
1204,SAVAGE NATION
1205,UNISOCKS
1206,LIL PUDGYS
1207,TUBBY CATS
1208,PIXELS - FARM LAND
1209,LIVES OF ASUNA
1210,TIMELESS CHARACTERS
1211,THE LONG LOST
1212,THE SURREALS
1213,DEAFBEEF
1214,BLITMAP
1215,CUPCATS
1216,DEEBIES
1217,METAFANS GENESIS COLLECTION
1218,ANIMO
1219,YUNG APE SQUAD
1220,CYBERUNNERS
1221,WULFZ
1222,APOCALYPTIC APES
1223,HPPRS
1224,ISLAND APES - PARADISE CLUB
1225,HUMACH
1226,MEKAFORMERS: GENESIS
1227,TIME VARIANTS SOLANA
1228,BORED BIGFOOT BILLIONAIRES
1229,LOOT: EXPLORERS
1230,HOUSE OF LEGENDS
1231,SHIBA SOCIAL CLUB
1232,CRYPTODRAGONS
1233,CRYPTODRAGONS EGGS
1234,OSRS PUNKS
1235,DEMI GODS UNIVERSE
1236,ANGRY PITBULL CLUB
1237,BIRDEZ GANG
1238,CHRISTMAS GAMBLING APES
1239,THE ALIEN CULT
1240,WHITE RABBIT - ZERO
1241,CYBER GORILLAS
1242,THE AWAKENING
1243,BOTZ
1244,FAT CATZ
1245,CRYPTOPETS
1246,BORED PUNKS OF SOCIETY
1247,META FOREST SOCIETY
1248,VIENTO EN CONTRA
1249,NOODLES
1250,SPRAY CANS
1251,THINGDOMS
1252,SHROOM FOLK
1253,THE VISITORS
1254,SKETCHY APE BOOK CLUB
1255,BEN BALLER BLOCKCHAINS
1256,BITFRENCHIE
1257,WOOFPACKNFT
1258,ISEKAI BY PRESTIGE LAB
1259,DINOBABIES
1260,EXPANSIONPUNKS
1261,SELLOUTS BY DISTROKID
1262,FRAMES BY MURALL
1263,SOLANA MONKEY BUSINESS
1264,POWER PUPS
1265,SUPERLATIVE APES
1266,DEGENERATE REGENERATE
1267,CLONE X
1268,OTOMOTORS
1269,IMMORTAL MONKS
1270,CRYPTOCK
1271,META LEGENDS
1272,POLITE RAPTORS PACK
1273,DEATHBATS CLUB
1274,CYCLOPS MONKEY CLUB
1275,CRYPTO CAR SOCIETY
1276,POLYPIXOS
1277,TOKENPUSS
1278,MOJOHEADS
1279,VAILIENS
1280,CASTLE KID
1281,THE WINKYBOTS
1282,NIFTY ISLAND: LEGENDARY PISTOLS
1283,WIZARD TREASURE COLLECTIVE
1284,GRAY BOYS
1285,CITIZENZ GENESIS
1286,APES IN SPACE
1287,DOODLE KONGZ DONGIEZ
1288,CHIMP CLUB
1289,SOLANA SANTA BUSINESS
1290,CRYPTONAUTS
1291,SHOEUZIS
1292,MAD MEERKAT
1293,ERNEST IN DISGUISE
1294,DOODLE KONGZ
1295,PLAYERS ONLY
1296,ANTI RUG APES
1297,MEKA APE CLUB
1298,PROJECT3333
1299,THE PIT
1300,THE LAST RAPTOR
1301,HOMIE GS
1302,HUMANS METAVERSE
1303,WE ARE THE WALRUS
1304,RADSANTAS
1305,THE PENGUIN ACADEMY
1306,ZENAPE
1307,WASTELAND CACTUS CREW
1308,GEN-ZERO
1309,MINTONIANS
1310,SHARK OUTLAW SQUAD
1311,DEAD HANDZ GENESIS
1312,PARADISE TRIPPIES
1313,CRAZYMUMMIEZ
1314,CRYPTO BULL SOCIETY
1315,SATOSHIS LEGIONS - THE LEGIONNAIRES
1316,GALAXY KATS
1317,AVERAGE PUNKS
1318,THE SHRIMP SOCIETY
1319,PORK1984
1320,CRONOS CHIMP CLUB
1321,METAVILLAINS
1322,LOOPY CUPS
1323,BABOON BRIGADE
1324,LIL BABY PUNKS
1325,FLUFFY POLAR BEARS
1326,METATRAVELERS NIBIRU
1327,SWAMPVERSE
1328,MERRY MODZ
1329,PARTY GRANDPA RETIREMENT CLUB
1330,DIGI DRAGONZ REBORN
1331,CRYPTO COVEN SOL
1332,METABILLIONAIRE
1333,HOLY HEROES
1334,BRICKTOPIANS
1335,BLOCKCHAIN MINERS CLUB
1336,GAMEOFBLOCKS
1337,CYBER TECHNICIAN
1338,UNITY CARDS
1339,ENDANGERED ANIMALS
1340,DORMANT DRAGONS
1341,CHICKEN KING
1342,BLOCKPUNKS
1343,SHERBET
1344,FROGVERSE
1345,DAFFY PANDA GANGING UP
1346,MAUER
1347,FOODMASKU DELECTABLES
1348,SCHOLARZ
1349,NON-FUNGIBLE FUNGI
1350,NINJA SQUAD
1351,PUPPET PLAGUE
1352,META GIRLFRIENDS
1353,ANGEL BABY HIT SQUAD
1354,CHIBI GALAXY
1355,BORED MUMMY HALLOWEEN ROYAL R…
1356,THE YOLK FRAT
1357,GYMBROS
1358,SPACE BUGS
1359,HOT BUNNIES
1360,PUDGY APE FRIDGE CLUB
1361,PLEB PUNKS
1362,HOGEMAN CLUB
1363,LIGHT CULT CRYPTO CLUB
1364,PROJECT DRACA
1365,ROLLBOTS
1366,TOUGH TURTLES
1367,ELITE DOGE CLUB
1368,FEUDALZ
1369,RUGPULLFRENS
1370,BRAIN VOMITS GARDEN
1371,TODDLERPILLARS
1372,SHABANGRS
1373,ENIGMA ECONOMY
1374,DUAL WORLD FUSION
1375,MR. EVERYBODY
1376,TASTYTOASTYS
1377,ALPACADABRAZ
1378,SOLANA KONGZ
1379,STREET MELTS
1380,PARTY DEGENERATES
1381,POTATO POWER
1382,MALE MINI KISHU BREEDERS
1383,DGENESIS PRIME
1384,SCOOGIS
1385,FUNKY PUNKS
1386,ARCADIANS
1387,COSMIC WYVERNS
1388,FAT APE CLUB
1389,HEAD5
1390,GUPPY GANG
1391,THORGUARDS
1392,HOR1ZON PROJECT
1393,MUTANT PUNKS CITY
1394,BILLIONAIRE COYOTE CARTEL
1395,ZOMBIE STATE
1396,CHAMELEON COLLECTIVE
1397,HABBO PORTRAITS
1398,GAME DISEASE
1399,SIPHERIAN FLASH
1400,ACID HEADZ
1401,REBEL RABBITS
1402,PARTY DOG SOCIAL CLUB
1403,LOBSTER BEACH CLUB
1404,GALACTIC APES
1405,CROCOSNFT
1406,ZOMBIE SQUIRRELS
1407,SUPERLATIVE SECRET SOCIETY
1408,MARNOTAUR
1409,BLUWORLD
1410,MAD RABBITS HORROR SHOW
1411,COSMIC LABS
1412,BEARXLABS
1413,GLOBEHEADS
1414,GENESIS GRADIENTS
1415,SOLCELEBS
1416,BITCOINBILLIONAIRES
1417,MAD RABBITS RIOT CLUB
1418,SUPERNERDS
1419,WHATTYCLUB
1420,LONELY HEARTS CLUB
1421,FUD SOCIETY
1422,CRYPTOGANGS
1423,CRUMBYS BAKERY
1424,RARE GHOST CLUB
1425,BOONJI PROJECT
1426,ZOO GANG
1427,KINGFROGS
1428,THUG PUGS
1429,HOUSE OF SATAN
1430,3NTITY-8PIRIT
1431,SPOOKY VOODOO DOLL
1432,ROBOPETS
1433,CHILLIN CHAMELEONS
1434,SCARY PANTHERS
1435,CRAZY LEMUR CLUB
1436,THE MODZ
1437,BAD BABY DINOS
1438,ANIMAL SOCIETY
1439,WALL STREET BULLS
1440,TROLLZ NFT
1441,BABY PUNKS
1442,ANIMAL WARRRIORS
1443,OG CRYSTALS
1444,UCUBE
1445,GLITCH GIRLS
1446,BROKEBOYZ
1447,WOMEN AND WEAPONS
1448,THE FLOOR
1449,SAMOT CLUB
1450,TRON BULLS
1451,KUDDLYKOALAS
1452,SQUID APES
1453,CREEPY CREAMS
1454,BIT BADDIES
1455,BOHEMIAN BULLDOGS
1456,SPECTRAL SKELLIES
1457,BABY APES RESCUE
1458,ETHERHEADS
1459,HASHMASKS
1460,CAPSULE HOUSE
1461,CRYPTOADZ
1462,BUSHIDOS
1463,NOM NOMS
1464,NFTTEAMS
1465,SQUID GAME CARD
1466,SOLDROIDS
1467,REKT RACOONS
1468,CRYPTOMOMS
1469,TITAN TIKI TRIBE
1470,PANDA PARADISE
1471,PUG FORCE
1472,ONIRONIN
1473,DREAMERS
1474,GENZEE
1475,METAHELMET
1476,METABAES
1477,BEARSEUM
1478,SOLSPECTERS
1479,SPACEAPES
1480,CRYPTO NIJIGEN GIRLS
1481,WOOSHI WORLD
1482,CRYPTONFTITS
1483,JUNGLE FREAKS GENESIS
1484,MAGICAL WAVES
1485,NONCONFORMIST DUCKS
1486,SCARE SQUAD
1487,MUTANT CATS
1488,DRRT
1489,THE GOLDEN PUPS
1490,ZOMBIEMONKEYS
1491,BLOCKCHAIN BADLANDS
1492,TRIBES OF OGUN
1493,ELONVERSE
1494,THE EVOLVING FOREST
1495,FRIDAY THE 13TH
1496,CARING CREATURES
1497,WILD WOLVES BONE YARD
1498,LONELY FROG LAMBO CLUB
1499,METAVADERS
1500,SALVADOR BORPI
1501,BENTOBOX
1502,ORC RACING CLUB
1503,GENERATIVE ALCHEMY LAB
1504,SCHROOT
1505,PUNKINPATCH
1506,CHILL BEAR SOCIETY
1507,GODSOFROCK
1508,MEKAVERSE
1509,SOVEREIGN SPHYNX COUNCIL
1510,THELILGUYS
1511,CYBER HORNETS COLONY CLUB
1512,SASSYCHIMPS
1513,WORLD OF FREIGHT
1514,THEPLOPS
1515,LEO PUNKS
1516,BIONIC OUTLIER TRIBE
1517,CRYPTORASTAS
1518,DOOBITS
1519,FRAKT
1520,ONE DONUTS
1521,BLOCKCHAINBIKERS
1522,SORAS DREAMWORLD
1523,KITPICS
1524,CYBER PHARMACIST
1525,WANNAPANDA
1526,BONES CLUB HERITAGE
1527,PIXELBEASTS
1528,BIKERSNFTBIKE
1529,NFT WORLDS
1530,CORRUPT CATZ
1531,BAD ASS DOGGOS
1532,PERKYPANDA
1533,STELLAR GALACTIC FORCE
1534,CRYPTOATHLETES
1535,BORINGSTONE GENESIS COLLECTION
1536,TIGERLABS
1537,HABBO AVATARS
1538,FROGGIES
1539,GRADE APE TROOP
1540,LITTLE NINJAS DOJO
1541,CRYPTOPOOPS
1542,SOLCITIES
1543,PUDGY PIXEL GANG
1544,SOLCHICKS
1545,PLAYFUL PANDAS
1546,MIRROR
1547,BIZARROS
1548,PAW HYPER LYNX
1549,CRAZY PANTHERS
1550,SOLLEMURS
1551,SOLAGON
1552,MEEPLES GANG
1553,PIXEL FOXES
1554,FOXXIES
1555,CELOPUNKS
1556,CRYPTO PIMPS
1557,MONSTERBUDS
1558,SPACEBUMS
1559,SPACEBOYSNFT
1560,KBOT_FACTORY
1561,DOODLES
1562,NORTHERN GUILDS - GUILD OF THOR
1563,TIME VARIANTS
1564,CMYKATZ
1565,ETHERCATS
1566,FLY FROGS
1567,CRYPTOGREEKS
1568,DECENTRAZINES
1569,SHRUNKENHEADZ
1570,OUTLAW GALS MC
1571,SAMURAIDOGE
1572,OUTKAST
1573,JAY PEGS AUTO MART
1574,SPIRIT ORB PETS V0
1575,MONSTERMASH
1576,BUBBLEGUM KIDS
1577,LADY KILLAZ
1578,I'M AIKO
1579,BLOCKBOTS
1580,MOONDUCKS
1581,GUTTER DOGS
1582,GUTTER PIGEONS
1583,SOLDIERS OF THE METAVERSE
1584,POGPUNKS
1585,EITBITAPES
1586,THE CRYMINALS
1587,SKULLY BOYS BONES CLUB
1588,THE HEART PROJECT
1589,THE GODS
1590,ETHALIENS
1591,UNIVERSAL SOLDIERS
1592,RICHKIDS
1593,TROPICAL TURTLES
1594,AVARIK SAGA
1595,PAPERHEADZ
1596,ROARING LEADERS
1597,HOLLOW
1598,BULLISH LLAMA
1599,FAMOUS FOX FEDERATION
1600,PALADIN PANDAS
1601,BASTARD PENGUINS
1602,ONE SHOGUN
1603,PURR EVIL
1604,SUPERFUZZ THE GOOD GUYS
1605,ETHER CARDS FOUNDER
1606,DOGS UNCHAINED
1607,ELVEN
1608,SUMATRA FITNESS SQUAD
1609,32PX PANDAS
1610,THE STREET DAWGS
1611,LOFI KITTIES
1612,ETERNAL BEINGS
1613,YOLO DICE
1614,NIFTYDEGEN
1615,SPACEWALKERS
1616,GOOD GUYS
1617,METROPOLITAN
1618,ROYAL CERAMIC CLUB
1619,WOODIES
1620,VISITORS OF IMMA DEGEN
1621,WALL STREET CHADS
1622,PPPANDAS
1623,BADDIES
1624,CRAZYSKULLZ
1625,UNITED METAVERSE NATION
1626,BALLERHEADZ
1627,NOTORIOUS FROGS
1628,ETHERGALS
1629,WAR APES
1630,FOXYFAM
1631,THE WOLF PACK
1632,BEAR MARKET
1633,ATOMIC ANTZ
1634,MENACING PUNK SOCIETY
1635,THE NINJA HIDEOUT
1636,CRYPTO CHICKS
1637,CARTELPUNKS
1638,WYNLAMBO
1639,THE PLUTO ALLIANCE
1640,DOOMED SOULS ARMY
1641,ROOCREW
1642,SHARKZWORLD
1643,HAPPY SHARKS
1644,SANJAY
1645,BROADCASTERS
1646,SKIDS
1647,ANGRY BOARS
1648,DEGEN GANG
1649,PRIMATE SOCIAL SOCIETY
1650,PET PUPPIES
1651,SKIES
1652,KOALA INTELLIGENCE AGENCY
1653,THE BUNNY GANG
1654,DRUNKEN PANDAS
1655,CITADEL OF THE MACHINES
1656,0XVAMPIRE
1657,PLATINUM POLAR CLUB
1658,FINE-ASS CRYPTOAPES
1659,MARSCATSVOYAGE
1660,MINI MONKEY MAFIA
1661,ARTLESSLABS GEOMETRIA
1662,CRYPTERIORS LOCALS
1663,BAD KIDS ALLEY
1664,THE MOON BOYZ
1665,DEGEN LIZZY
1666,MULTINFT MEMBERSHIP
1667,SLEAZY SLOTH SYNDICATE
1668,THE ADVENTURERS AVATAR
1669,BONES CLUB
1670,YABBIE DABBIES
1671,PROFESSOR ELON ROCKET FACTORY
1672,BLANKFACE
1673,RED PANDA
1674,MONSTER MOBS
1675,FANCY FRENCHIES
1676,CASTLESARBIGENONE
1677,OMNIMORPHS
1678,LOCKDOWN LEMMINGS
1679,BORPACASSO
1680,COUCH MEME
1681,SPACE DINOS
1682,HOLYCOWS
1683,WEEDBITS
1684,THE SNEAKERHEADZ SOCIETY
1685,PEACEFUL GROUPIES
1686,SHITTY ANIMALS
1687,AI PIXEL BUDDIES
1688,GIGA GARDEN LSD
1689,RAGDOLLZ
1690,FROGS IN DISGUISE
1691,ARTBLOOTS
1692,PIXEL PRIMATES
1693,THE CRYPTID COLLECTIVE
1694,DORKIS
1695,SNEAKY VAMPIRE SYNDICATE
1696,BLOX
1697,LUCKY BUDDHA LUCKY CLUB
1698,PARTY POLAR BEARS
1699,DGENESIS DGEN AUTOMATONS
1700,CHIBI APES
1701,GUARDIANS OF THE METAVERSE
1702,PIXEL DOGES
1703,DEGEN DINO GOLF CLUB
1704,SAVAGE DROIDS
1705,ONCHAINMONKEY
1706,LOBBY LOBSTERS
1707,SKVLLPVNKZ HIDEOUT
1708,DYNAMIC DUELERS
1709,MOONGANG
1710,VIDEO GAME DEV SQUAD
1711,CHUNKY CHICKENS
1712,SIPHERIAN SURGE
1713,CRYPTODADS
1714,CYBERKONGZ
1715,FUZZIE MINTS
1716,PLATY PUNKS
1717,ETHER TULIPS
1718,PYMONS
1719,APPROVING CORGIS
1720,TIE DYE NINJAS
1721,ISOTILE GENESIS AVATAR
1722,NFTOKIN
1723,NFYE
1724,APES RUN THE WORLD
1725,ROGUE SOCIETY
1726,SEVENS
1727,IMMORTALZ
1728,FARMERS METAVERSE
1729,LOOPY DONUTS
1730,BOSSY BEAR CLUB
1731,UWUCREW
1732,HIPPOHOTEL
1733,SUSHIVERSE
1734,FUSIONAPE
1735,BNBPUNKS
1736,BEATNIK TIKI TRIBE
1737,AXOLITTLES
1738,DIRTY DEVILS
1739,SIDUS HEROES
1740,COLONISTS
1741,PLANET WAIFU
1742,GAMBLING APES
1743,PANDA DYNASTY
1744,CLEVER GIRLS
1745,SUPERFUZZ THE BAD BATCH
1746,NAUGHTY TIGERS
1747,CHIBI LEGENDS
1748,BOHO BONES
1749,BITSCAPES
1750,SHROOMZ
1751,BULL RUNNERS
1752,MADBUNNIES
1753,PENGUIN FIGHT CLUB
1754,HAPPYBUNNIES
1755,WTFOXES
1756,HYENA HOUSE
1757,LEAGUE OF SACRED DEVILS
1758,NFTBOY: BORED APE RACERS
1759,NON-FUNGIBLE SOUP
1760,GOODBOI SOCIETY
1761,POLAR PALS
1762,QUAKS
1763,ENCRYPTAS
1764,CACTI CLUB
1765,SNARKY SHARKZ
1766,SOCCER DOGE CLUB
1767,ETHERMORE
1768,NEON JUNKIES
1769,LIL BOOMIES
1770,DOGE POUND PUPPIES
1771,PIXEL CAT GANG
1772,WUBBA LUBBA
1773,GEVOLS
1774,DANDY DUCKS CLUB
1775,AFRODROIDS
1776,CRYPTORUGS
1777,CARNAGE ORIGINS
1778,EVIL TEDDY BEAR
1779,COWBOY PUNKS
1780,PANDABUGZ
1781,SAPPY SEALS
1782,PAWZEESCLU
1783,NFTHEO
1784,SAD GIRLS BAR
1785,INTERNATIONAL PUNKS
1786,DARK SUPER BUNNIES
1787,LIGHT SUPER BUNNIES
1788,24PX APE
1789,DJENERATES
1790,LITTLEGHOSTS
1791,WAIFU WARRIORS
1792,FANG GANG
1793,EVAVERSE TURTLE TROOP
1794,EVAVERSE FIRST ARRIVALS
1795,TROLLZ
1796,NOOBS
1797,BAKED BEAR BEACH CLUB
1798,FATALES
1799,CRYPTO PILLS
1800,SIMP MERMAIDS
1801,MANEKI GANG
1802,HYPE HIPPOS
1803,HASHGUISE
1804,STRANGER EGGZ
1805,FAST FOOD FRENS
1806,DROP BEARS
1807,CRYPTO SQUATCHES
1808,DINO GANGZ
1809,MUTANT APE YACHT CLUB
1810,CRYPTODEMONZ
1811,DAPPER SPACE COLLECTIVE
1812,BABY BATTLE BOTS
1813,KEPLERS CIVIL SOCIETY
1814,REBEL KIDS
1815,HEWER CLAN
1816,CATSHIT CRAZY
1817,KILLAZ
1818,MANDELBROT SET COLLECTION
1819,BULLSEUM
1820,UNITEDPUNKSUNION
1821,CYBERBEARZ ARMY
1822,SHABU TOWN SHIBAS
1823,BIG BRAIN SOCIETY
1824,BORED MUMMY BABY WAKING UP
1825,CRYPTO GHOSTS
1826,BITMATES
1827,BASED FISH MAFIA
1828,8 BIT UNIVERSE
1829,LOSTBOY
1830,WOJAKKINGDOM
1831,ULTRASOUND BAT CLUB
1832,THE LOST GLITCHES
1833,CRYPTOSAINTS
1834,FXCKFACE
1835,HIGH FLYERS
1836,BADASS BULLS
1837,GRAYCRAFT2
1838,MIGHTY DINOS
1839,TOOLS OF ROCK
1840,MAD BANANA UNION
1841,ROCBABIES
1842,CHILL FROGS
1843,RACCOON SECRET SOCIETY
1844,BONEHEADS
1845,0N1 FORCE
1846,GAUNTLETS
1847,CRAZY CROWS CHESS CLUB
1848,CHIBI DINOS
1849,LAMB DUHS
1850,SLOTHZ
1851,STAR SAILOR SIBLINGS
1852,HOBO BEARD CLUB
1853,RICKSTRO FRENS
1854,KRAZY KOALAS
1855,CRYPTOJAKS
1856,THE NEMESIS COMPANIONS
1857,OVERWEIGHT GIRAFFES
1858,FAST FOOD PUNKS
1859,KSOIDS
1860,GOONS OF BALATROON
1861,HAPPYLAND GUMMY BEARS
1862,OINKS BACKYARD BBQ
1863,SYMPATHY FOR THE DEVILS
1864,SHIBA SOCIETY
1865,RACCOON MAFIA
1866,ASCIIPUNKS
1867,GALAXY FIGHT CLUB
1868,CIPHERSQUARES
1869,WICKED APE BONE CLUB
1870,RIVERMEN
1871,COVIDBOTS
1872,CRYPTO TUNERS
1873,CICADAS
1874,CRYPTO DUCKIES
1875,SECRET SOCIETY OF WHALES
1876,SHARKCOVE
1877,SPACEPUNKSCLUB
1878,LOST SOULS SANCTUARY
1879,CYBERKONGZ VX
1880,PENGUINPUNKS
1881,STRIPPER VILLE
1882,LUMPS WORLD
1883,INCOGNITO
1884,THE UNSTABLE HORSES YARD
1885,DEADFELLAZ
1886,THE WANDERERS
1887,DERPY BIRBS
1888,SPACE POGGERS
1889,SLUMBOGINIS
1890,CITIZENS OF BULLIEVER ISLAND
1891,BORED MUMMY WAKING UP
1892,CYBER CITY GIRLS CLUB
1893,DEEP BLUE SEA CLUB
1894,DEADBEARS
1895,VEGIEMON
1896,SMART ZOMBIE LAB
1897,PINEAPPLES DAY OUT
1898,BULLS VS BEARS
1899,MUSKYPUNKS
1900,PIXEL KITTY SUPERCAR CLUB
1901,REBEL KIDS FAMILIARS
1902,THE BIRDHOUSE
1903,MOONDOGS ODYSSEY
1904,CASHGRAB
1905,JUNKYARDDOGS
1906,WOLVES OF ETHEREUM
1907,VOX
1908,BUZZED BEAR HIDEOUT
1909,WARRIORS OF ARADENA
1910,LUCHA LIBRE KNOCKOUT
1911,BBALL PANDAS
1912,SATOSHIBLES
1913,FLUF WORLD
1914,SAD FROGS DISTRICT
1915,24PX
1916,FVCK_CRYSTAL//
1917,GLUE FACTORY SHOW
1918,BITBONES
1919,HDPUNKS
1920,TIER ZERO: BEASTS
1921,BEARSONTHEBLOCK
1922,PIXLS
1923,POSH PANDAS
1924,SAVE THE MARTIANS
1925,CUTE PIG CLUB
1926,ALPHABETTY DOODLES
1927,CRYPTO CANNABIS CLUB
1928,WANNABES MUSIC CLUB
1929,SHITPUNKS
1930,HODLGANG
1931,STRAY CATS
1932,LAZY LIONS
1933,ROYAL SOCIETY OF PLAYERS
1934,THE WONDERQUEST
1935,GOBLIN GHOSTS
1936,REBEL BOTS
1937,ETHEREMURA
1938,LONDON GIFT
1939,COVIDPUNKS
1940,POOPIES
1941,APESHIT SOCIAL CLUB
1942,DEGEN FARM CREATURES
1943,THE WOLFGANG PUPS
1944,DEAD DUDE PROJECT
1945,ROBOTOS
1946,NUMI
1947,THE WICKED STALLIONS
1948,ANIMAL WORLD WAR
1949,ANGELS OF AETHER
1950,THEUNDEADPUNKS
1951,GREAT APE SOCIETY
1952,THE WOLFGANG
1953,ART STARS CLUB
1954,KITTYBUTTS
1955,RUUMZ
1956,ANIMETAS
1957,DOPE SHIBAS
1958,DIZZY DRAGONS
1959,STONER CATS
1960,SPOOKIES
1961,PUDGY PENGUINS
1962,PARTY PENGUINS
1963,CHUNKY COW CLUB TOUR
1964,EPIC WIZARD UNION
1965,THE VOGU
1966,CRAZY LIZARD ARMY BASE
1967,SEWER RAT SOCIAL CLUB
1968,WHELPSNFT
1969,WORLD OF WOMEN
1970,REALCRYPTOPUNKS
1971,SINGULARITY HERO
1972,THE RUG SHOP
1973,CANINE COUNTRY CLUB
1974,BARN OWLZ
1975,CYPHER CITY
1976,KATANA N SAMURAI
1977,CRIMINAL DONKEYS
1978,HALL OF FAME GOAT LODGE
1979,CRYPTINIES
1980,CUNNING FOXES
1981,BORED BANANAS
1982,CHICKEN DERBY
1983,KAMAGANG
1984,BORING BANANAS
1985,LONELY ALIEN SPACE CLUB
1986,WEIRD WHALES
1987,QUBITS ON THE ICE
1988,GALACTIC SECRET AGENCY
1989,THE DOGE POUND
1990,MAESTROPUPS
1991,SUPDUCKS
1992,KUNGFU HERO
1993,GOBLIN GOONS
1994,BONES & BANANAS
1995,BYOPILLS
1996,RABBIT COLLEGE CLUB
1997,UNTAMED ELEPHANTS
1998,THE DIVINE ORDER OF THE ZODIAC
1999,FAME LADY SQUAD
2000,THE ALIEN BOY
2001,THE WICKED CRANIUMS
2002,BULLSONTHEBLOCK
2003,BORED APE KENNEL CLUB
2004,BORED APE YACHT CLUB
2005,TOP DOG BEACH CLUB
2006,MONSTRO CITIES
2007,GUTTER RATS
2008,GOATZ
2009,MONSTER REHAB
2010,DEADHEADS
2011,HASHDEMONS
2012,DEVIOUS DEMON DUDES
2013,DEGENZ
2014,GUTTER CAT GANG
2015,LUCKY MANEKI
2016,MISFIT UNIVERSITY
2017,MAD CAT MILITIA
2018,COOL CATS
2019,FORGOTTEN RUNES WIZARDS CULT
2020,CRYPTOPUNKS
2021,VEEFRIENDS
2022,MEEBITS
